session_id,metric_id,field_id,display_name_kr,field_label_kr,value,unit,view,category,source_type,model_role,required_level,required_points,derived_points,calculation_basis_kr,ui_help_kr
SAMPLE_001,video_file,side_static_video_path,영상 파일,side_static_video_path,sample_data/sample_session/videos/side_static_sample.mp4,,session,video,uploaded_file,metadata,recommended,[],[],세션과 연결된 측면/후면 영상 파일 경로,3차 모델링에서 영상과 라벨을 매칭하는 데 사용합니다.
SAMPLE_001,video_file,side_static_original_filename,영상 파일,side_static_original_filename,side_static_sample.mp4,,session,video,uploaded_file,metadata,recommended,[],[],세션과 연결된 측면/후면 영상 파일 경로,3차 모델링에서 영상과 라벨을 매칭하는 데 사용합니다.
SAMPLE_001,video_file,side_static_size_mb,영상 파일,side_static_size_mb,0.028,,session,video,uploaded_file,metadata,recommended,[],[],세션과 연결된 측면/후면 영상 파일 경로,3차 모델링에서 영상과 라벨을 매칭하는 데 사용합니다.
SAMPLE_001,video_file,side_running_video_path,영상 파일,side_running_video_path,sample_data/sample_session/videos/side_running_sample.mp4,,session,video,uploaded_file,metadata,recommended,[],[],세션과 연결된 측면/후면 영상 파일 경로,3차 모델링에서 영상과 라벨을 매칭하는 데 사용합니다.
SAMPLE_001,video_file,side_running_original_filename,영상 파일,side_running_original_filename,side_running_sample.mp4,,session,video,uploaded_file,metadata,recommended,[],[],세션과 연결된 측면/후면 영상 파일 경로,3차 모델링에서 영상과 라벨을 매칭하는 데 사용합니다.
SAMPLE_001,video_file,side_running_size_mb,영상 파일,side_running_size_mb,0.028,,session,video,uploaded_file,metadata,recommended,[],[],세션과 연결된 측면/후면 영상 파일 경로,3차 모델링에서 영상과 라벨을 매칭하는 데 사용합니다.
SAMPLE_001,video_file,rear_static_video_path,영상 파일,rear_static_video_path,sample_data/sample_session/videos/rear_static_sample.mp4,,session,video,uploaded_file,metadata,recommended,[],[],세션과 연결된 측면/후면 영상 파일 경로,3차 모델링에서 영상과 라벨을 매칭하는 데 사용합니다.
SAMPLE_001,video_file,rear_static_original_filename,영상 파일,rear_static_original_filename,rear_static_sample.mp4,,session,video,uploaded_file,metadata,recommended,[],[],세션과 연결된 측면/후면 영상 파일 경로,3차 모델링에서 영상과 라벨을 매칭하는 데 사용합니다.
SAMPLE_001,video_file,rear_static_size_mb,영상 파일,rear_static_size_mb,0.027,,session,video,uploaded_file,metadata,recommended,[],[],세션과 연결된 측면/후면 영상 파일 경로,3차 모델링에서 영상과 라벨을 매칭하는 데 사용합니다.
SAMPLE_001,video_file,rear_running_video_path,영상 파일,rear_running_video_path,sample_data/sample_session/videos/rear_running_sample.mp4,,session,video,uploaded_file,metadata,recommended,[],[],세션과 연결된 측면/후면 영상 파일 경로,3차 모델링에서 영상과 라벨을 매칭하는 데 사용합니다.
SAMPLE_001,video_file,rear_running_original_filename,영상 파일,rear_running_original_filename,rear_running_sample.mp4,,session,video,uploaded_file,metadata,recommended,[],[],세션과 연결된 측면/후면 영상 파일 경로,3차 모델링에서 영상과 라벨을 매칭하는 데 사용합니다.
SAMPLE_001,video_file,rear_running_size_mb,영상 파일,rear_running_size_mb,0.028,,session,video,uploaded_file,metadata,recommended,[],[],세션과 연결된 측면/후면 영상 파일 경로,3차 모델링에서 영상과 라벨을 매칭하는 데 사용합니다.
SAMPLE_001,skeleton_preview,preview_count,Skeleton Preview 결과,preview_count,0,,preview,skeleton_preview,pose_preview,labeling_support,optional,[],[],라벨링 보조용 skeleton overlay preview 결과,실시간/프레임 preview는 2차 라벨링 보조 기능이며 최종 학습 정답값은 MotionMetrix 입력값입니다.
SAMPLE_001,skeleton_preview,latest_preview_image_path,Skeleton Preview 결과,latest_preview_image_path,,,preview,skeleton_preview,pose_preview,labeling_support,optional,[],[],라벨링 보조용 skeleton overlay preview 결과,실시간/프레임 preview는 2차 라벨링 보조 기능이며 최종 학습 정답값은 MotionMetrix 입력값입니다.
SAMPLE_001,skeleton_preview,latest_preview_metric_id,Skeleton Preview 결과,latest_preview_metric_id,,,preview,skeleton_preview,pose_preview,labeling_support,optional,[],[],라벨링 보조용 skeleton overlay preview 결과,실시간/프레임 preview는 2차 라벨링 보조 기능이며 최종 학습 정답값은 MotionMetrix 입력값입니다.
SAMPLE_001,skeleton_preview,latest_preview_step_id,Skeleton Preview 결과,latest_preview_step_id,,,preview,skeleton_preview,pose_preview,labeling_support,optional,[],[],라벨링 보조용 skeleton overlay preview 결과,실시간/프레임 preview는 2차 라벨링 보조 기능이며 최종 학습 정답값은 MotionMetrix 입력값입니다.
SAMPLE_001,skeleton_preview,latest_preview_stats,Skeleton Preview 결과,latest_preview_stats,,,preview,skeleton_preview,pose_preview,labeling_support,optional,[],[],라벨링 보조용 skeleton overlay preview 결과,실시간/프레임 preview는 2차 라벨링 보조 기능이며 최종 학습 정답값은 MotionMetrix 입력값입니다.
SAMPLE_001,forward_lean_deg,forward_lean_deg,척추 기울기 / 몸통 전방 기울기,MotionMetrix Forward Lean,5.2,deg,side,side_biomechanics,motionmetrix_target,target_regression,core,"[11, 12, 23, 24]","[""shoulder_center"", ""pelvis_center"", ""trunk_line"", ""vertical_axis""]",골반 중심에서 어깨 중심으로 이어지는 선과 화면 수직선 사이의 각도,"0°는 몸통 수직, +값은 진행 방향 전방 기울기, -값은 후방 기울기입니다."
SAMPLE_001,arm_swing_symmetry,arm_swing_symmetry_grade,팔 스윙 대칭성,팔 스윙 대칭성 평가,normal,,side,side_manual_or_derived,manual_label,manual_label,recommended,"[11, 12, 13, 14, 15, 16]","[""left_arm_line"", ""right_arm_line""]",좌우 팔꿈치 각도 범위와 좌우 손목의 앞뒤 스윙 범위 비교,MotionMetrix 정답값이 아닌 수동 평가값입니다.
SAMPLE_001,arm_swing_symmetry,arm_swing_symmetry_memo,팔 스윙 대칭성,메모,좌우 차이 크지 않음,,side,side_manual_or_derived,manual_label,manual_label,recommended,"[11, 12, 13, 14, 15, 16]","[""left_arm_line"", ""right_arm_line""]",좌우 팔꿈치 각도 범위와 좌우 손목의 앞뒤 스윙 범위 비교,MotionMetrix 정답값이 아닌 수동 평가값입니다.
SAMPLE_001,overstride,overstride_input_unit,오버스트라이드,오버스트라이드 입력 단위,cm,,side,side_biomechanics,motionmetrix_target,target_regression,core,"[23, 24, 27, 28]","[""pelvis_center"", ""pelvis_vertical_projection"", ""landing_ankle""]",골반 중심의 지면 수직 투영점과 착지 순간 발목 사이의 지면 수평거리,"골반보다 앞쪽 착지는 +, 골반 바로 아래는 0, 골반보다 뒤쪽은 -값으로 저장합니다. 입력 단위 선택값을 기준으로 Export 시 표준 단위로 정규화합니다."
SAMPLE_001,overstride,overstride_left_cm,오버스트라이드,왼발 평균,10.5,cm,side,side_biomechanics,motionmetrix_target,target_regression,core,"[23, 24, 27, 28]","[""pelvis_center"", ""pelvis_vertical_projection"", ""landing_ankle""]",골반 중심의 지면 수직 투영점과 착지 순간 발목 사이의 지면 수평거리,"골반보다 앞쪽 착지는 +, 골반 바로 아래는 0, 골반보다 뒤쪽은 -값으로 저장합니다. 입력 단위 선택값을 기준으로 Export 시 표준 단위로 정규화합니다."
SAMPLE_001,overstride,overstride_right_cm,오버스트라이드,오른발 평균,11.2,cm,side,side_biomechanics,motionmetrix_target,target_regression,core,"[23, 24, 27, 28]","[""pelvis_center"", ""pelvis_vertical_projection"", ""landing_ankle""]",골반 중심의 지면 수직 투영점과 착지 순간 발목 사이의 지면 수평거리,"골반보다 앞쪽 착지는 +, 골반 바로 아래는 0, 골반보다 뒤쪽은 -값으로 저장합니다. 입력 단위 선택값을 기준으로 Export 시 표준 단위로 정규화합니다."
SAMPLE_001,overstride,overstride_mean_cm,오버스트라이드,전체 평균,10.9,cm,side,side_biomechanics,motionmetrix_target,target_regression,core,"[23, 24, 27, 28]","[""pelvis_center"", ""pelvis_vertical_projection"", ""landing_ankle""]",골반 중심의 지면 수직 투영점과 착지 순간 발목 사이의 지면 수평거리,"골반보다 앞쪽 착지는 +, 골반 바로 아래는 0, 골반보다 뒤쪽은 -값으로 저장합니다. 입력 단위 선택값을 기준으로 Export 시 표준 단위로 정규화합니다."
SAMPLE_001,overstride,overstride_asymmetry_cm,오버스트라이드,좌우 차이,0.7,cm,side,side_biomechanics,motionmetrix_target,target_regression,core,"[23, 24, 27, 28]","[""pelvis_center"", ""pelvis_vertical_projection"", ""landing_ankle""]",골반 중심의 지면 수직 투영점과 착지 순간 발목 사이의 지면 수평거리,"골반보다 앞쪽 착지는 +, 골반 바로 아래는 0, 골반보다 뒤쪽은 -값으로 저장합니다. 입력 단위 선택값을 기준으로 Export 시 표준 단위로 정규화합니다."
SAMPLE_001,braking_force,braking_force_mean_value,제동력,MotionMetrix 평균값,0.18,raw,side,side_biomechanics,motionmetrix_target,target_regression,core,"[23, 24, 25, 26, 27, 28, 29, 30, 31, 32]","[""pelvis_center"", ""landing_ankle"", ""knee_angle_at_landing"", ""shank_angle_at_landing"", ""foot_strike_angle"", ""contact_time""]","착지 시점, 초기 지지 구간, 골반-발목 수평거리, 무릎각, 정강이 기울기, 착지 형태, 접촉시간 등을 종합해 추론",MotionMetrix에 표시된 값을 그대로 입력하고 원본 단위도 함께 저장합니다.
SAMPLE_001,braking_force,braking_force_unit,제동력,표시 단위,FV,,side,side_biomechanics,motionmetrix_target,target_regression,core,"[23, 24, 25, 26, 27, 28, 29, 30, 31, 32]","[""pelvis_center"", ""landing_ankle"", ""knee_angle_at_landing"", ""shank_angle_at_landing"", ""foot_strike_angle"", ""contact_time""]","착지 시점, 초기 지지 구간, 골반-발목 수평거리, 무릎각, 정강이 기울기, 착지 형태, 접촉시간 등을 종합해 추론",MotionMetrix에 표시된 값을 그대로 입력하고 원본 단위도 함께 저장합니다.
SAMPLE_001,hip_thigh_flexion_extension,left_thigh_flexion_max_deg,고관절/대퇴 굴곡·신전,왼쪽 최대 굴곡,42,deg,side,side_joint_rom,motionmetrix_target,target_regression,core,"[23, 24, 25, 26]","[""left_thigh_line"", ""right_thigh_line"", ""vertical_axis""]",고관절-무릎 대퇴선이 수직선 기준으로 전방/후방으로 움직인 최대 각도,"최대 굴곡, 최대 신전, 전체 운동범위를 좌우별로 입력합니다."
SAMPLE_001,hip_thigh_flexion_extension,left_thigh_extension_max_deg,고관절/대퇴 굴곡·신전,왼쪽 최대 신전,-18,deg,side,side_joint_rom,motionmetrix_target,target_regression,core,"[23, 24, 25, 26]","[""left_thigh_line"", ""right_thigh_line"", ""vertical_axis""]",고관절-무릎 대퇴선이 수직선 기준으로 전방/후방으로 움직인 최대 각도,"최대 굴곡, 최대 신전, 전체 운동범위를 좌우별로 입력합니다."
SAMPLE_001,hip_thigh_flexion_extension,left_hip_rom_deg,고관절/대퇴 굴곡·신전,왼쪽 전체 운동범위,60,deg,side,side_joint_rom,motionmetrix_target,target_regression,core,"[23, 24, 25, 26]","[""left_thigh_line"", ""right_thigh_line"", ""vertical_axis""]",고관절-무릎 대퇴선이 수직선 기준으로 전방/후방으로 움직인 최대 각도,"최대 굴곡, 최대 신전, 전체 운동범위를 좌우별로 입력합니다."
SAMPLE_001,hip_thigh_flexion_extension,right_thigh_flexion_max_deg,고관절/대퇴 굴곡·신전,오른쪽 최대 굴곡,41,deg,side,side_joint_rom,motionmetrix_target,target_regression,core,"[23, 24, 25, 26]","[""left_thigh_line"", ""right_thigh_line"", ""vertical_axis""]",고관절-무릎 대퇴선이 수직선 기준으로 전방/후방으로 움직인 최대 각도,"최대 굴곡, 최대 신전, 전체 운동범위를 좌우별로 입력합니다."
SAMPLE_001,hip_thigh_flexion_extension,right_thigh_extension_max_deg,고관절/대퇴 굴곡·신전,오른쪽 최대 신전,-17,deg,side,side_joint_rom,motionmetrix_target,target_regression,core,"[23, 24, 25, 26]","[""left_thigh_line"", ""right_thigh_line"", ""vertical_axis""]",고관절-무릎 대퇴선이 수직선 기준으로 전방/후방으로 움직인 최대 각도,"최대 굴곡, 최대 신전, 전체 운동범위를 좌우별로 입력합니다."
SAMPLE_001,hip_thigh_flexion_extension,right_hip_rom_deg,고관절/대퇴 굴곡·신전,오른쪽 전체 운동범위,58,deg,side,side_joint_rom,motionmetrix_target,target_regression,core,"[23, 24, 25, 26]","[""left_thigh_line"", ""right_thigh_line"", ""vertical_axis""]",고관절-무릎 대퇴선이 수직선 기준으로 전방/후방으로 움직인 최대 각도,"최대 굴곡, 최대 신전, 전체 운동범위를 좌우별로 입력합니다."
SAMPLE_001,hip_thigh_flexion_extension,hip_rom_mean_deg,고관절/대퇴 굴곡·신전,전체 평균,59,deg,side,side_joint_rom,motionmetrix_target,target_regression,core,"[23, 24, 25, 26]","[""left_thigh_line"", ""right_thigh_line"", ""vertical_axis""]",고관절-무릎 대퇴선이 수직선 기준으로 전방/후방으로 움직인 최대 각도,"최대 굴곡, 최대 신전, 전체 운동범위를 좌우별로 입력합니다."
SAMPLE_001,hip_thigh_flexion_extension,hip_rom_asymmetry_deg,고관절/대퇴 굴곡·신전,좌우 차이,2,deg,side,side_joint_rom,motionmetrix_target,target_regression,core,"[23, 24, 25, 26]","[""left_thigh_line"", ""right_thigh_line"", ""vertical_axis""]",고관절-무릎 대퇴선이 수직선 기준으로 전방/후방으로 움직인 최대 각도,"최대 굴곡, 최대 신전, 전체 운동범위를 좌우별로 입력합니다."
SAMPLE_001,knee_flexion_rom,left_knee_flexion_landing_deg,슬관절 굴곡 및 운동범위,왼쪽 착지 굴곡각,22,deg,side,side_joint_rom,motionmetrix_target,target_regression,core,"[23, 24, 25, 26, 27, 28]","[""left_thigh_line"", ""left_shank_line"", ""right_thigh_line"", ""right_shank_line""]",고관절-무릎 대퇴선과 무릎-발목 하퇴선 사이의 각도,"착지 굴곡, 유각기 최대 굴곡, 주기별 운동범위를 각각 따로 저장합니다."
SAMPLE_001,knee_flexion_rom,right_knee_flexion_landing_deg,슬관절 굴곡 및 운동범위,오른쪽 착지 굴곡각,23,deg,side,side_joint_rom,motionmetrix_target,target_regression,core,"[23, 24, 25, 26, 27, 28]","[""left_thigh_line"", ""left_shank_line"", ""right_thigh_line"", ""right_shank_line""]",고관절-무릎 대퇴선과 무릎-발목 하퇴선 사이의 각도,"착지 굴곡, 유각기 최대 굴곡, 주기별 운동범위를 각각 따로 저장합니다."
SAMPLE_001,knee_flexion_rom,left_knee_flexion_swing_max_deg,슬관절 굴곡 및 운동범위,왼쪽 유각기 최대 굴곡,95,deg,side,side_joint_rom,motionmetrix_target,target_regression,core,"[23, 24, 25, 26, 27, 28]","[""left_thigh_line"", ""left_shank_line"", ""right_thigh_line"", ""right_shank_line""]",고관절-무릎 대퇴선과 무릎-발목 하퇴선 사이의 각도,"착지 굴곡, 유각기 최대 굴곡, 주기별 운동범위를 각각 따로 저장합니다."
SAMPLE_001,knee_flexion_rom,right_knee_flexion_swing_max_deg,슬관절 굴곡 및 운동범위,오른쪽 유각기 최대 굴곡,94,deg,side,side_joint_rom,motionmetrix_target,target_regression,core,"[23, 24, 25, 26, 27, 28]","[""left_thigh_line"", ""left_shank_line"", ""right_thigh_line"", ""right_shank_line""]",고관절-무릎 대퇴선과 무릎-발목 하퇴선 사이의 각도,"착지 굴곡, 유각기 최대 굴곡, 주기별 운동범위를 각각 따로 저장합니다."
SAMPLE_001,knee_flexion_rom,left_knee_rom_deg,슬관절 굴곡 및 운동범위,왼쪽 슬관절 ROM,73,deg,side,side_joint_rom,motionmetrix_target,target_regression,core,"[23, 24, 25, 26, 27, 28]","[""left_thigh_line"", ""left_shank_line"", ""right_thigh_line"", ""right_shank_line""]",고관절-무릎 대퇴선과 무릎-발목 하퇴선 사이의 각도,"착지 굴곡, 유각기 최대 굴곡, 주기별 운동범위를 각각 따로 저장합니다."
SAMPLE_001,knee_flexion_rom,right_knee_rom_deg,슬관절 굴곡 및 운동범위,오른쪽 슬관절 ROM,71,deg,side,side_joint_rom,motionmetrix_target,target_regression,core,"[23, 24, 25, 26, 27, 28]","[""left_thigh_line"", ""left_shank_line"", ""right_thigh_line"", ""right_shank_line""]",고관절-무릎 대퇴선과 무릎-발목 하퇴선 사이의 각도,"착지 굴곡, 유각기 최대 굴곡, 주기별 운동범위를 각각 따로 저장합니다."
SAMPLE_001,knee_flexion_rom,knee_rom_mean_deg,슬관절 굴곡 및 운동범위,전체 평균,72,deg,side,side_joint_rom,motionmetrix_target,target_regression,core,"[23, 24, 25, 26, 27, 28]","[""left_thigh_line"", ""left_shank_line"", ""right_thigh_line"", ""right_shank_line""]",고관절-무릎 대퇴선과 무릎-발목 하퇴선 사이의 각도,"착지 굴곡, 유각기 최대 굴곡, 주기별 운동범위를 각각 따로 저장합니다."
SAMPLE_001,knee_flexion_rom,knee_rom_asymmetry_deg,슬관절 굴곡 및 운동범위,좌우 차이,2,deg,side,side_joint_rom,motionmetrix_target,target_regression,core,"[23, 24, 25, 26, 27, 28]","[""left_thigh_line"", ""left_shank_line"", ""right_thigh_line"", ""right_shank_line""]",고관절-무릎 대퇴선과 무릎-발목 하퇴선 사이의 각도,"착지 굴곡, 유각기 최대 굴곡, 주기별 운동범위를 각각 따로 저장합니다."
SAMPLE_001,shank_angle,left_shank_angle_signed_deg,정강이 각도,왼쪽 부호 각도,8,deg,side,side_biomechanics,motionmetrix_target,target_regression,core,"[25, 26, 27, 28, 29, 30, 31, 32]","[""left_shank_line"", ""right_shank_line"", ""vertical_axis"", ""contact_events""]",최초 착지 순간 무릎-발목 하퇴선과 발목을 지나는 수직선 사이의 각도,부호 있는 각도와 절대 각도를 모두 저장할 수 있습니다.
SAMPLE_001,shank_angle,right_shank_angle_signed_deg,정강이 각도,오른쪽 부호 각도,7,deg,side,side_biomechanics,motionmetrix_target,target_regression,core,"[25, 26, 27, 28, 29, 30, 31, 32]","[""left_shank_line"", ""right_shank_line"", ""vertical_axis"", ""contact_events""]",최초 착지 순간 무릎-발목 하퇴선과 발목을 지나는 수직선 사이의 각도,부호 있는 각도와 절대 각도를 모두 저장할 수 있습니다.
SAMPLE_001,shank_angle,shank_angle_mean_signed_deg,정강이 각도,부호 각도 평균,7.5,deg,side,side_biomechanics,motionmetrix_target,target_regression,core,"[25, 26, 27, 28, 29, 30, 31, 32]","[""left_shank_line"", ""right_shank_line"", ""vertical_axis"", ""contact_events""]",최초 착지 순간 무릎-발목 하퇴선과 발목을 지나는 수직선 사이의 각도,부호 있는 각도와 절대 각도를 모두 저장할 수 있습니다.
SAMPLE_001,shank_angle,left_shank_angle_abs_deg,정강이 각도,왼쪽 절대 각도,8,deg,side,side_biomechanics,motionmetrix_target,target_regression,core,"[25, 26, 27, 28, 29, 30, 31, 32]","[""left_shank_line"", ""right_shank_line"", ""vertical_axis"", ""contact_events""]",최초 착지 순간 무릎-발목 하퇴선과 발목을 지나는 수직선 사이의 각도,부호 있는 각도와 절대 각도를 모두 저장할 수 있습니다.
SAMPLE_001,shank_angle,right_shank_angle_abs_deg,정강이 각도,오른쪽 절대 각도,7,deg,side,side_biomechanics,motionmetrix_target,target_regression,core,"[25, 26, 27, 28, 29, 30, 31, 32]","[""left_shank_line"", ""right_shank_line"", ""vertical_axis"", ""contact_events""]",최초 착지 순간 무릎-발목 하퇴선과 발목을 지나는 수직선 사이의 각도,부호 있는 각도와 절대 각도를 모두 저장할 수 있습니다.
SAMPLE_001,shank_angle,shank_angle_mean_abs_deg,정강이 각도,절대 각도 평균,7.5,deg,side,side_biomechanics,motionmetrix_target,target_regression,core,"[25, 26, 27, 28, 29, 30, 31, 32]","[""left_shank_line"", ""right_shank_line"", ""vertical_axis"", ""contact_events""]",최초 착지 순간 무릎-발목 하퇴선과 발목을 지나는 수직선 사이의 각도,부호 있는 각도와 절대 각도를 모두 저장할 수 있습니다.
SAMPLE_001,foot_strike_type,left_foot_strike_type,착지 타입,왼쪽 착지 타입,midfoot,,side,side_manual_label,manual_label,manual_label,core,"[27, 28, 29, 30, 31, 32]","[""left_foot_line"", ""right_foot_line"", ""ground_line""]","뒤꿈치가 먼저 닿으면 힐, 발 앞쪽이 먼저 닿으면 포어풋, 거의 동시에 닿으면 미드풋",문서 기준상 MotionMetrix보다 수동 입력값을 우선합니다.
SAMPLE_001,foot_strike_type,right_foot_strike_type,착지 타입,오른쪽 착지 타입,midfoot,,side,side_manual_label,manual_label,manual_label,core,"[27, 28, 29, 30, 31, 32]","[""left_foot_line"", ""right_foot_line"", ""ground_line""]","뒤꿈치가 먼저 닿으면 힐, 발 앞쪽이 먼저 닿으면 포어풋, 거의 동시에 닿으면 미드풋",문서 기준상 MotionMetrix보다 수동 입력값을 우선합니다.
SAMPLE_001,foot_strike_type,session_representative_strike_type,착지 타입,세션 대표 착지 타입,midfoot,,side,side_manual_label,manual_label,manual_label,core,"[27, 28, 29, 30, 31, 32]","[""left_foot_line"", ""right_foot_line"", ""ground_line""]","뒤꿈치가 먼저 닿으면 힐, 발 앞쪽이 먼저 닿으면 포어풋, 거의 동시에 닿으면 미드풋",문서 기준상 MotionMetrix보다 수동 입력값을 우선합니다.
SAMPLE_001,cadence,cadence_raw_value,케이던스,MotionMetrix 원본값,170,raw,both,temporal_gait,motionmetrix_target,target_regression,core,"[27, 28, 29, 30, 31, 32]","[""left_initial_contact_events"", ""right_initial_contact_events""]",좌우 최초 착지 순간을 찾아 전체 스텝 수를 분당 스텝 수로 변환,원본 단위를 함께 저장하고 내부 표준값은 steps/min으로 맞춥니다.
SAMPLE_001,cadence,cadence_raw_unit,케이던스,원본 단위,steps/min,,both,temporal_gait,motionmetrix_target,target_regression,core,"[27, 28, 29, 30, 31, 32]","[""left_initial_contact_events"", ""right_initial_contact_events""]",좌우 최초 착지 순간을 찾아 전체 스텝 수를 분당 스텝 수로 변환,원본 단위를 함께 저장하고 내부 표준값은 steps/min으로 맞춥니다.
SAMPLE_001,cadence,cadence_steps_per_min,케이던스,표준 케이던스,170,steps/min,both,temporal_gait,motionmetrix_target,target_regression,core,"[27, 28, 29, 30, 31, 32]","[""left_initial_contact_events"", ""right_initial_contact_events""]",좌우 최초 착지 순간을 찾아 전체 스텝 수를 분당 스텝 수로 변환,원본 단위를 함께 저장하고 내부 표준값은 steps/min으로 맞춥니다.
SAMPLE_001,cadence,left_step_count,케이던스,왼발 스텝 수,42,count,both,temporal_gait,motionmetrix_target,target_regression,core,"[27, 28, 29, 30, 31, 32]","[""left_initial_contact_events"", ""right_initial_contact_events""]",좌우 최초 착지 순간을 찾아 전체 스텝 수를 분당 스텝 수로 변환,원본 단위를 함께 저장하고 내부 표준값은 steps/min으로 맞춥니다.
SAMPLE_001,cadence,right_step_count,케이던스,오른발 스텝 수,43,count,both,temporal_gait,motionmetrix_target,target_regression,core,"[27, 28, 29, 30, 31, 32]","[""left_initial_contact_events"", ""right_initial_contact_events""]",좌우 최초 착지 순간을 찾아 전체 스텝 수를 분당 스텝 수로 변환,원본 단위를 함께 저장하고 내부 표준값은 steps/min으로 맞춥니다.
SAMPLE_001,cadence,cadence_variability,케이던스,케이던스 변동성,3.2,raw,both,temporal_gait,motionmetrix_target,target_regression,core,"[27, 28, 29, 30, 31, 32]","[""left_initial_contact_events"", ""right_initial_contact_events""]",좌우 최초 착지 순간을 찾아 전체 스텝 수를 분당 스텝 수로 변환,원본 단위를 함께 저장하고 내부 표준값은 steps/min으로 맞춥니다.
SAMPLE_001,cadence,valid_measurement_time_sec,케이던스,유효 측정 시간,30,sec,both,temporal_gait,motionmetrix_target,target_regression,core,"[27, 28, 29, 30, 31, 32]","[""left_initial_contact_events"", ""right_initial_contact_events""]",좌우 최초 착지 순간을 찾아 전체 스텝 수를 분당 스텝 수로 변환,원본 단위를 함께 저장하고 내부 표준값은 steps/min으로 맞춥니다.
SAMPLE_001,contact_time,contact_time_input_unit,지면접촉시간,지면접촉시간 입력 단위,ms,,side,temporal_gait,motionmetrix_target,target_regression,core,"[29, 30, 31, 32]","[""contact_start_event"", ""contact_end_event"", ""ground_line""]",뒤꿈치 또는 발끝이 지면선에 도달한 순간부터 뒤꿈치와 발끝이 모두 지면에서 떨어지는 순간까지,고객 입력은 ms 기준을 권장합니다. sec 단위인 경우 ms로 변환해서 입력합니다. 입력 단위 선택값을 기준으로 Export 시 표준 단위로 정규화합니다.
SAMPLE_001,contact_time,left_contact_time_ms,지면접촉시간,왼쪽 평균,245,ms,side,temporal_gait,motionmetrix_target,target_regression,core,"[29, 30, 31, 32]","[""contact_start_event"", ""contact_end_event"", ""ground_line""]",뒤꿈치 또는 발끝이 지면선에 도달한 순간부터 뒤꿈치와 발끝이 모두 지면에서 떨어지는 순간까지,고객 입력은 ms 기준을 권장합니다. sec 단위인 경우 ms로 변환해서 입력합니다. 입력 단위 선택값을 기준으로 Export 시 표준 단위로 정규화합니다.
SAMPLE_001,contact_time,right_contact_time_ms,지면접촉시간,오른쪽 평균,248,ms,side,temporal_gait,motionmetrix_target,target_regression,core,"[29, 30, 31, 32]","[""contact_start_event"", ""contact_end_event"", ""ground_line""]",뒤꿈치 또는 발끝이 지면선에 도달한 순간부터 뒤꿈치와 발끝이 모두 지면에서 떨어지는 순간까지,고객 입력은 ms 기준을 권장합니다. sec 단위인 경우 ms로 변환해서 입력합니다. 입력 단위 선택값을 기준으로 Export 시 표준 단위로 정규화합니다.
SAMPLE_001,contact_time,contact_time_mean_ms,지면접촉시간,전체 평균,246.5,ms,side,temporal_gait,motionmetrix_target,target_regression,core,"[29, 30, 31, 32]","[""contact_start_event"", ""contact_end_event"", ""ground_line""]",뒤꿈치 또는 발끝이 지면선에 도달한 순간부터 뒤꿈치와 발끝이 모두 지면에서 떨어지는 순간까지,고객 입력은 ms 기준을 권장합니다. sec 단위인 경우 ms로 변환해서 입력합니다. 입력 단위 선택값을 기준으로 Export 시 표준 단위로 정규화합니다.
SAMPLE_001,contact_time,contact_time_asymmetry_ms,지면접촉시간,좌우 차이,3,ms,side,temporal_gait,motionmetrix_target,target_regression,core,"[29, 30, 31, 32]","[""contact_start_event"", ""contact_end_event"", ""ground_line""]",뒤꿈치 또는 발끝이 지면선에 도달한 순간부터 뒤꿈치와 발끝이 모두 지면에서 떨어지는 순간까지,고객 입력은 ms 기준을 권장합니다. sec 단위인 경우 ms로 변환해서 입력합니다. 입력 단위 선택값을 기준으로 Export 시 표준 단위로 정규화합니다.
SAMPLE_001,vertical_oscillation,vertical_oscillation_input_unit,수직 진폭,수직 진폭 입력 단위,cm,,side,side_biomechanics,motionmetrix_target,target_regression,core,"[23, 24, 29, 30, 31, 32]","[""pelvis_center"", ""contact_events""]",골반 중심의 수직 방향 진폭을 착지 주기 기준으로 측정,MotionMetrix 기준 COM 수직 진폭 예측값의 학습 정답입니다. 입력 단위 선택값을 기준으로 Export 시 표준 단위로 정규화합니다.
SAMPLE_001,vertical_oscillation,left_vertical_oscillation_cm,수직 진폭,왼발 착지 주기 평균,7.1,cm,side,side_biomechanics,motionmetrix_target,target_regression,core,"[23, 24, 29, 30, 31, 32]","[""pelvis_center"", ""contact_events""]",골반 중심의 수직 방향 진폭을 착지 주기 기준으로 측정,MotionMetrix 기준 COM 수직 진폭 예측값의 학습 정답입니다. 입력 단위 선택값을 기준으로 Export 시 표준 단위로 정규화합니다.
SAMPLE_001,vertical_oscillation,right_vertical_oscillation_cm,수직 진폭,오른발 착지 주기 평균,7.4,cm,side,side_biomechanics,motionmetrix_target,target_regression,core,"[23, 24, 29, 30, 31, 32]","[""pelvis_center"", ""contact_events""]",골반 중심의 수직 방향 진폭을 착지 주기 기준으로 측정,MotionMetrix 기준 COM 수직 진폭 예측값의 학습 정답입니다. 입력 단위 선택값을 기준으로 Export 시 표준 단위로 정규화합니다.
SAMPLE_001,vertical_oscillation,vertical_oscillation_mean_cm,수직 진폭,전체 평균,7.25,cm,side,side_biomechanics,motionmetrix_target,target_regression,core,"[23, 24, 29, 30, 31, 32]","[""pelvis_center"", ""contact_events""]",골반 중심의 수직 방향 진폭을 착지 주기 기준으로 측정,MotionMetrix 기준 COM 수직 진폭 예측값의 학습 정답입니다. 입력 단위 선택값을 기준으로 Export 시 표준 단위로 정규화합니다.
SAMPLE_001,vertical_oscillation,vertical_oscillation_asymmetry_cm,수직 진폭,좌우 차이,0.3,cm,side,side_biomechanics,motionmetrix_target,target_regression,core,"[23, 24, 29, 30, 31, 32]","[""pelvis_center"", ""contact_events""]",골반 중심의 수직 방향 진폭을 착지 주기 기준으로 측정,MotionMetrix 기준 COM 수직 진폭 예측값의 학습 정답입니다. 입력 단위 선택값을 기준으로 Export 시 표준 단위로 정규화합니다.
SAMPLE_001,vertical_oscillation,vertical_oscillation_variability,수직 진폭,변동성,0.4,raw,side,side_biomechanics,motionmetrix_target,target_regression,core,"[23, 24, 29, 30, 31, 32]","[""pelvis_center"", ""contact_events""]",골반 중심의 수직 방향 진폭을 착지 주기 기준으로 측정,MotionMetrix 기준 COM 수직 진폭 예측값의 학습 정답입니다. 입력 단위 선택값을 기준으로 Export 시 표준 단위로 정규화합니다.
SAMPLE_001,step_stride_length,step_stride_length_input_unit,보폭 / 스트라이드 길이,보폭/스트라이드 입력 단위,cm,,side,side_derived_later,derived_later,feature_later,recommended,"[29, 30, 31, 32]","[""left_initial_contact_events"", ""right_initial_contact_events""]","한 발 착지부터 반대 발 착지까지는 Step Length, 같은 발 다음 착지까지는 Stride Length",러닝머신 속도와 timestamp/FPS를 함께 사용해 3차에서 계산합니다. 입력 단위 선택값을 기준으로 Export 시 표준 단위로 정규화합니다.
SAMPLE_001,step_stride_length,left_step_length_cm,보폭 / 스트라이드 길이,왼쪽 Step Length,98,cm,side,side_derived_later,derived_later,feature_later,recommended,"[29, 30, 31, 32]","[""left_initial_contact_events"", ""right_initial_contact_events""]","한 발 착지부터 반대 발 착지까지는 Step Length, 같은 발 다음 착지까지는 Stride Length",러닝머신 속도와 timestamp/FPS를 함께 사용해 3차에서 계산합니다. 입력 단위 선택값을 기준으로 Export 시 표준 단위로 정규화합니다.
SAMPLE_001,step_stride_length,right_step_length_cm,보폭 / 스트라이드 길이,오른쪽 Step Length,97,cm,side,side_derived_later,derived_later,feature_later,recommended,"[29, 30, 31, 32]","[""left_initial_contact_events"", ""right_initial_contact_events""]","한 발 착지부터 반대 발 착지까지는 Step Length, 같은 발 다음 착지까지는 Stride Length",러닝머신 속도와 timestamp/FPS를 함께 사용해 3차에서 계산합니다. 입력 단위 선택값을 기준으로 Export 시 표준 단위로 정규화합니다.
SAMPLE_001,step_stride_length,step_length_mean_cm,보폭 / 스트라이드 길이,Step Length 평균,97.5,cm,side,side_derived_later,derived_later,feature_later,recommended,"[29, 30, 31, 32]","[""left_initial_contact_events"", ""right_initial_contact_events""]","한 발 착지부터 반대 발 착지까지는 Step Length, 같은 발 다음 착지까지는 Stride Length",러닝머신 속도와 timestamp/FPS를 함께 사용해 3차에서 계산합니다. 입력 단위 선택값을 기준으로 Export 시 표준 단위로 정규화합니다.
SAMPLE_001,step_stride_length,step_length_asymmetry_cm,보폭 / 스트라이드 길이,Step Length 좌우 차이,1,cm,side,side_derived_later,derived_later,feature_later,recommended,"[29, 30, 31, 32]","[""left_initial_contact_events"", ""right_initial_contact_events""]","한 발 착지부터 반대 발 착지까지는 Step Length, 같은 발 다음 착지까지는 Stride Length",러닝머신 속도와 timestamp/FPS를 함께 사용해 3차에서 계산합니다. 입력 단위 선택값을 기준으로 Export 시 표준 단위로 정규화합니다.
SAMPLE_001,step_stride_length,left_stride_length_cm,보폭 / 스트라이드 길이,왼쪽 Stride Length,196,cm,side,side_derived_later,derived_later,feature_later,recommended,"[29, 30, 31, 32]","[""left_initial_contact_events"", ""right_initial_contact_events""]","한 발 착지부터 반대 발 착지까지는 Step Length, 같은 발 다음 착지까지는 Stride Length",러닝머신 속도와 timestamp/FPS를 함께 사용해 3차에서 계산합니다. 입력 단위 선택값을 기준으로 Export 시 표준 단위로 정규화합니다.
SAMPLE_001,step_stride_length,right_stride_length_cm,보폭 / 스트라이드 길이,오른쪽 Stride Length,194,cm,side,side_derived_later,derived_later,feature_later,recommended,"[29, 30, 31, 32]","[""left_initial_contact_events"", ""right_initial_contact_events""]","한 발 착지부터 반대 발 착지까지는 Step Length, 같은 발 다음 착지까지는 Stride Length",러닝머신 속도와 timestamp/FPS를 함께 사용해 3차에서 계산합니다. 입력 단위 선택값을 기준으로 Export 시 표준 단위로 정규화합니다.
SAMPLE_001,step_stride_length,stride_length_mean_cm,보폭 / 스트라이드 길이,Stride Length 평균,195,cm,side,side_derived_later,derived_later,feature_later,recommended,"[29, 30, 31, 32]","[""left_initial_contact_events"", ""right_initial_contact_events""]","한 발 착지부터 반대 발 착지까지는 Step Length, 같은 발 다음 착지까지는 Stride Length",러닝머신 속도와 timestamp/FPS를 함께 사용해 3차에서 계산합니다. 입력 단위 선택값을 기준으로 Export 시 표준 단위로 정규화합니다.
SAMPLE_001,flight_time,flight_time_input_unit,비행시간,비행시간 입력 단위,ms,,side,temporal_gait,derived_later,feature_later,recommended,"[29, 30, 31, 32]","[""toe_off_event"", ""opposite_initial_contact_event""]",한쪽 발이 완전히 떨어진 순간부터 반대쪽 발이 처음 접촉하는 순간까지,Running Economy 학습 입력 후보로 사용합니다. 입력 단위 선택값을 기준으로 Export 시 표준 단위로 정규화합니다.
SAMPLE_001,flight_time,left_after_flight_time_ms,비행시간,왼발 이후 비행시간,95,ms,side,temporal_gait,derived_later,feature_later,recommended,"[29, 30, 31, 32]","[""toe_off_event"", ""opposite_initial_contact_event""]",한쪽 발이 완전히 떨어진 순간부터 반대쪽 발이 처음 접촉하는 순간까지,Running Economy 학습 입력 후보로 사용합니다. 입력 단위 선택값을 기준으로 Export 시 표준 단위로 정규화합니다.
SAMPLE_001,flight_time,right_after_flight_time_ms,비행시간,오른발 이후 비행시간,92,ms,side,temporal_gait,derived_later,feature_later,recommended,"[29, 30, 31, 32]","[""toe_off_event"", ""opposite_initial_contact_event""]",한쪽 발이 완전히 떨어진 순간부터 반대쪽 발이 처음 접촉하는 순간까지,Running Economy 학습 입력 후보로 사용합니다. 입력 단위 선택값을 기준으로 Export 시 표준 단위로 정규화합니다.
SAMPLE_001,flight_time,flight_time_mean_ms,비행시간,전체 평균,93.5,ms,side,temporal_gait,derived_later,feature_later,recommended,"[29, 30, 31, 32]","[""toe_off_event"", ""opposite_initial_contact_event""]",한쪽 발이 완전히 떨어진 순간부터 반대쪽 발이 처음 접촉하는 순간까지,Running Economy 학습 입력 후보로 사용합니다. 입력 단위 선택값을 기준으로 Export 시 표준 단위로 정규화합니다.
SAMPLE_001,flight_time,flight_time_asymmetry_ms,비행시간,좌우 차이,3,ms,side,temporal_gait,derived_later,feature_later,recommended,"[29, 30, 31, 32]","[""toe_off_event"", ""opposite_initial_contact_event""]",한쪽 발이 완전히 떨어진 순간부터 반대쪽 발이 처음 접촉하는 순간까지,Running Economy 학습 입력 후보로 사용합니다. 입력 단위 선택값을 기준으로 Export 시 표준 단위로 정규화합니다.
SAMPLE_001,pelvic_drop,left_stance_pelvic_drop_deg,골반 낙하 / 골반 불균형,왼발 지지 시 골반 낙하,4,deg,rear,rear_biomechanics,derived_later_or_manual,feature_later,core,"[23, 24, 27, 28]","[""pelvis_line"", ""support_foot""]",한 발 지지 구간에서 23-24 골반선이 얼마나 기울어지는지 측정,왼발 지지와 오른발 지지를 각각 구분합니다.
SAMPLE_001,pelvic_drop,right_stance_pelvic_drop_deg,골반 낙하 / 골반 불균형,오른발 지지 시 골반 낙하,5,deg,rear,rear_biomechanics,derived_later_or_manual,feature_later,core,"[23, 24, 27, 28]","[""pelvis_line"", ""support_foot""]",한 발 지지 구간에서 23-24 골반선이 얼마나 기울어지는지 측정,왼발 지지와 오른발 지지를 각각 구분합니다.
SAMPLE_001,pelvic_drop,pelvic_drop_asymmetry_deg,골반 낙하 / 골반 불균형,좌우 낙하 차이,1,deg,rear,rear_biomechanics,derived_later_or_manual,feature_later,core,"[23, 24, 27, 28]","[""pelvis_line"", ""support_foot""]",한 발 지지 구간에서 23-24 골반선이 얼마나 기울어지는지 측정,왼발 지지와 오른발 지지를 각각 구분합니다.
SAMPLE_001,knee_medial_collapse,left_knee_medial_collapse_max,무릎 안쪽 붕괴,왼쪽 최대값,2,raw,rear,rear_biomechanics,derived_later_or_manual,feature_later,core,"[23, 24, 25, 26, 27, 28]","[""left_hip_ankle_line"", ""right_hip_ankle_line""]",한 발 지지 시 무릎이 고관절-발목 선보다 안쪽으로 들어오는 정도,초기에는 등급 또는 수치 입력을 허용하고 3차에서 좌표 기반 수치화합니다.
SAMPLE_001,knee_medial_collapse,left_knee_medial_collapse_mean,무릎 안쪽 붕괴,왼쪽 평균값,1,raw,rear,rear_biomechanics,derived_later_or_manual,feature_later,core,"[23, 24, 25, 26, 27, 28]","[""left_hip_ankle_line"", ""right_hip_ankle_line""]",한 발 지지 시 무릎이 고관절-발목 선보다 안쪽으로 들어오는 정도,초기에는 등급 또는 수치 입력을 허용하고 3차에서 좌표 기반 수치화합니다.
SAMPLE_001,knee_medial_collapse,right_knee_medial_collapse_max,무릎 안쪽 붕괴,오른쪽 최대값,3,raw,rear,rear_biomechanics,derived_later_or_manual,feature_later,core,"[23, 24, 25, 26, 27, 28]","[""left_hip_ankle_line"", ""right_hip_ankle_line""]",한 발 지지 시 무릎이 고관절-발목 선보다 안쪽으로 들어오는 정도,초기에는 등급 또는 수치 입력을 허용하고 3차에서 좌표 기반 수치화합니다.
SAMPLE_001,knee_medial_collapse,right_knee_medial_collapse_mean,무릎 안쪽 붕괴,오른쪽 평균값,1.5,raw,rear,rear_biomechanics,derived_later_or_manual,feature_later,core,"[23, 24, 25, 26, 27, 28]","[""left_hip_ankle_line"", ""right_hip_ankle_line""]",한 발 지지 시 무릎이 고관절-발목 선보다 안쪽으로 들어오는 정도,초기에는 등급 또는 수치 입력을 허용하고 3차에서 좌표 기반 수치화합니다.
SAMPLE_001,knee_medial_collapse,knee_medial_collapse_asymmetry,무릎 안쪽 붕괴,좌우 차이,1,raw,rear,rear_biomechanics,derived_later_or_manual,feature_later,core,"[23, 24, 25, 26, 27, 28]","[""left_hip_ankle_line"", ""right_hip_ankle_line""]",한 발 지지 시 무릎이 고관절-발목 선보다 안쪽으로 들어오는 정도,초기에는 등급 또는 수치 입력을 허용하고 3차에서 좌표 기반 수치화합니다.
SAMPLE_001,step_width_crossover,step_width_mean_cm,스텝 폭 / 크로스오버,스텝 폭 평균,8,cm,rear,rear_biomechanics,derived_later_or_manual,feature_later,recommended,"[27, 28, 29, 30, 31, 32]","[""body_center_line"", ""left_foot_contact_point"", ""right_foot_contact_point""]",착지 순간 양발의 좌우 간격을 측정하고 발이 몸의 중심선을 넘으면 크로스오버 경향으로 판단,초기에는 수동 등급 입력을 허용하고 추후 좌표 기반 자동 계산합니다.
SAMPLE_001,step_width_crossover,step_width_variability,스텝 폭 / 크로스오버,스텝 폭 변동성,1.2,raw,rear,rear_biomechanics,derived_later_or_manual,feature_later,recommended,"[27, 28, 29, 30, 31, 32]","[""body_center_line"", ""left_foot_contact_point"", ""right_foot_contact_point""]",착지 순간 양발의 좌우 간격을 측정하고 발이 몸의 중심선을 넘으면 크로스오버 경향으로 판단,초기에는 수동 등급 입력을 허용하고 추후 좌표 기반 자동 계산합니다.
SAMPLE_001,step_width_crossover,crossover_tendency,스텝 폭 / 크로스오버,크로스오버 경향,none,,rear,rear_biomechanics,derived_later_or_manual,feature_later,recommended,"[27, 28, 29, 30, 31, 32]","[""body_center_line"", ""left_foot_contact_point"", ""right_foot_contact_point""]",착지 순간 양발의 좌우 간격을 측정하고 발이 몸의 중심선을 넘으면 크로스오버 경향으로 판단,초기에는 수동 등급 입력을 허용하고 추후 좌표 기반 자동 계산합니다.
SAMPLE_001,step_width_crossover,crossover_direction,스텝 폭 / 크로스오버,크로스오버 방향,not_applicable,,rear,rear_biomechanics,derived_later_or_manual,feature_later,recommended,"[27, 28, 29, 30, 31, 32]","[""body_center_line"", ""left_foot_contact_point"", ""right_foot_contact_point""]",착지 순간 양발의 좌우 간격을 측정하고 발이 몸의 중심선을 넘으면 크로스오버 경향으로 판단,초기에는 수동 등급 입력을 허용하고 추후 좌표 기반 자동 계산합니다.
SAMPLE_001,trunk_lateral_tilt,left_stance_trunk_lateral_tilt_deg,몸통 좌우 기울기,왼발 지지 시 몸통 기울기,2,deg,rear,rear_biomechanics,derived_later_or_manual,feature_later,recommended,"[11, 12, 23, 24]","[""shoulder_center"", ""pelvis_center"", ""trunk_line""]",어깨 중심과 골반 중심을 연결한 선이 좌우로 얼마나 기울어지는지 측정,왼발 지지와 오른발 지지 시 각각 비교합니다.
SAMPLE_001,trunk_lateral_tilt,right_stance_trunk_lateral_tilt_deg,몸통 좌우 기울기,오른발 지지 시 몸통 기울기,2.5,deg,rear,rear_biomechanics,derived_later_or_manual,feature_later,recommended,"[11, 12, 23, 24]","[""shoulder_center"", ""pelvis_center"", ""trunk_line""]",어깨 중심과 골반 중심을 연결한 선이 좌우로 얼마나 기울어지는지 측정,왼발 지지와 오른발 지지 시 각각 비교합니다.
SAMPLE_001,trunk_lateral_tilt,trunk_lateral_tilt_asymmetry_deg,몸통 좌우 기울기,좌우 차이,0.5,deg,rear,rear_biomechanics,derived_later_or_manual,feature_later,recommended,"[11, 12, 23, 24]","[""shoulder_center"", ""pelvis_center"", ""trunk_line""]",어깨 중심과 골반 중심을 연결한 선이 좌우로 얼마나 기울어지는지 측정,왼발 지지와 오른발 지지 시 각각 비교합니다.
SAMPLE_001,running_economy,running_economy_j_kg_m,러닝 효율,MotionMetrix Running Economy,3.05,J/kg/m,side,aggregate_motionmetrix,motionmetrix_target,target_regression,core,[],"[""cadence"", ""contact_time"", ""flight_time"", ""vertical_oscillation"", ""overstride"", ""braking_force"", ""step_length"", ""hip_rom"", ""knee_rom"", ""forward_lean""]",개별 스켈레톤 지표를 종합해 MotionMetrix Running Economy 값을 예측,MotionMetrix 값을 그대로 직접 입력하며 값이 낮을수록 효율적인 것으로 해석합니다.
SAMPLE_001,running_type,running_type,러닝 타입,MotionMetrix Running Type,Quick Stepper,,both,aggregate_motionmetrix,motionmetrix_target,target_classification,core,[],"[""cadence"", ""contact_time"", ""vertical_oscillation"", ""overstride"", ""braking_force"", ""hip_rom"", ""knee_rom"", ""shank_angle"", ""foot_strike_type"", ""forward_lean"", ""pelvic_drop"", ""running_speed_kmh"", ""height_cm"", ""weight_kg""]",여러 러닝 지표를 종합해 MotionMetrix 기준 러닝 타입을 분류 학습,MotionMetrix 내부 분류식은 공개되어 있지 않으므로 스마트폰 지표와 MotionMetrix 타입을 연결해 분류 모델로 학습합니다.
SAMPLE_001,optional_motionmetrix_extras,vertical_force_max_optional,추가 MotionMetrix 항목,최대 수직력,2.4,raw,both,optional_motionmetrix,motionmetrix_target,optional_target_regression,optional,[],[],MotionMetrix 결과지에 값이 제공되는 경우 선택적으로 입력,없으면 비워도 저장 및 Export가 가능합니다.
SAMPLE_001,optional_motionmetrix_extras,lateral_force_max_optional,추가 MotionMetrix 항목,최대 측방력,0.15,raw,both,optional_motionmetrix,motionmetrix_target,optional_target_regression,optional,[],[],MotionMetrix 결과지에 값이 제공되는 경우 선택적으로 입력,없으면 비워도 저장 및 Export가 가능합니다.
SAMPLE_001,optional_motionmetrix_extras,stride_rating_optional,추가 MotionMetrix 항목,스트라이드 평점,3.8,score,both,optional_motionmetrix,motionmetrix_target,optional_target_regression,optional,[],[],MotionMetrix 결과지에 값이 제공되는 경우 선택적으로 입력,없으면 비워도 저장 및 Export가 가능합니다.
SAMPLE_001,visual_label,running_like_walking_strength,육안 자세 평가,걷듯이 뛴다 - 강도,none,,visual,visual_label,manual_label,manual_label,manual_core,[],[],원장님 또는 고객이 영상을 보고 직접 입력한 육안 자세 평가,MotionMetrix 정답값과 분리된 보조 라벨입니다.
SAMPLE_001,visual_label,running_like_walking_direction,육안 자세 평가,걷듯이 뛴다 - 방향,not_applicable,,visual,visual_label,manual_label,manual_label,manual_core,[],[],원장님 또는 고객이 영상을 보고 직접 입력한 육안 자세 평가,MotionMetrix 정답값과 분리된 보조 라벨입니다.
SAMPLE_001,visual_label,running_like_walking_memo,육안 자세 평가,걷듯이 뛴다 - 메모,샘플 입력값,,visual,visual_label,manual_label,manual_label,optional,[],[],원장님 또는 고객이 영상을 보고 직접 입력한 육안 자세 평가,MotionMetrix 정답값과 분리된 보조 라벨입니다.
SAMPLE_001,visual_label,waddling_strength,육안 자세 평가,뒤뚱거린다 - 강도,none,,visual,visual_label,manual_label,manual_label,manual_core,[],[],원장님 또는 고객이 영상을 보고 직접 입력한 육안 자세 평가,MotionMetrix 정답값과 분리된 보조 라벨입니다.
SAMPLE_001,visual_label,waddling_direction,육안 자세 평가,뒤뚱거린다 - 방향,not_applicable,,visual,visual_label,manual_label,manual_label,manual_core,[],[],원장님 또는 고객이 영상을 보고 직접 입력한 육안 자세 평가,MotionMetrix 정답값과 분리된 보조 라벨입니다.
SAMPLE_001,visual_label,waddling_memo,육안 자세 평가,뒤뚱거린다 - 메모,샘플 입력값,,visual,visual_label,manual_label,manual_label,optional,[],[],원장님 또는 고객이 영상을 보고 직접 입력한 육안 자세 평가,MotionMetrix 정답값과 분리된 보조 라벨입니다.
SAMPLE_001,visual_label,left_right_asymmetry_strength,육안 자세 평가,좌우 비대칭 - 강도,mild,,visual,visual_label,manual_label,manual_label,manual_core,[],[],원장님 또는 고객이 영상을 보고 직접 입력한 육안 자세 평가,MotionMetrix 정답값과 분리된 보조 라벨입니다.
SAMPLE_001,visual_label,left_right_asymmetry_direction,육안 자세 평가,좌우 비대칭 - 방향,right,,visual,visual_label,manual_label,manual_label,manual_core,[],[],원장님 또는 고객이 영상을 보고 직접 입력한 육안 자세 평가,MotionMetrix 정답값과 분리된 보조 라벨입니다.
SAMPLE_001,visual_label,left_right_asymmetry_memo,육안 자세 평가,좌우 비대칭 - 메모,우측 지지 시 약한 흔들림 예시,,visual,visual_label,manual_label,manual_label,optional,[],[],원장님 또는 고객이 영상을 보고 직접 입력한 육안 자세 평가,MotionMetrix 정답값과 분리된 보조 라벨입니다.
SAMPLE_001,visual_label,arm_motion_asymmetry_strength,육안 자세 평가,팔 동작 비대칭 - 강도,mild,,visual,visual_label,manual_label,manual_label,manual_core,[],[],원장님 또는 고객이 영상을 보고 직접 입력한 육안 자세 평가,MotionMetrix 정답값과 분리된 보조 라벨입니다.
SAMPLE_001,visual_label,arm_motion_asymmetry_direction,육안 자세 평가,팔 동작 비대칭 - 방향,left,,visual,visual_label,manual_label,manual_label,manual_core,[],[],원장님 또는 고객이 영상을 보고 직접 입력한 육안 자세 평가,MotionMetrix 정답값과 분리된 보조 라벨입니다.
SAMPLE_001,visual_label,arm_motion_asymmetry_memo,육안 자세 평가,팔 동작 비대칭 - 메모,좌측 팔 스윙이 약간 작음 예시,,visual,visual_label,manual_label,manual_label,optional,[],[],원장님 또는 고객이 영상을 보고 직접 입력한 육안 자세 평가,MotionMetrix 정답값과 분리된 보조 라벨입니다.
SAMPLE_001,visual_label,upper_body_lateral_sway_strength,육안 자세 평가,상체 좌우 흔들림 - 강도,none,,visual,visual_label,manual_label,manual_label,manual_core,[],[],원장님 또는 고객이 영상을 보고 직접 입력한 육안 자세 평가,MotionMetrix 정답값과 분리된 보조 라벨입니다.
SAMPLE_001,visual_label,upper_body_lateral_sway_direction,육안 자세 평가,상체 좌우 흔들림 - 방향,not_applicable,,visual,visual_label,manual_label,manual_label,manual_core,[],[],원장님 또는 고객이 영상을 보고 직접 입력한 육안 자세 평가,MotionMetrix 정답값과 분리된 보조 라벨입니다.
SAMPLE_001,visual_label,upper_body_lateral_sway_memo,육안 자세 평가,상체 좌우 흔들림 - 메모,샘플 입력값,,visual,visual_label,manual_label,manual_label,optional,[],[],원장님 또는 고객이 영상을 보고 직접 입력한 육안 자세 평가,MotionMetrix 정답값과 분리된 보조 라벨입니다.
SAMPLE_001,visual_label,insufficient_knee_lift_strength,육안 자세 평가,무릎 상승 부족 - 강도,none,,visual,visual_label,manual_label,manual_label,manual_core,[],[],원장님 또는 고객이 영상을 보고 직접 입력한 육안 자세 평가,MotionMetrix 정답값과 분리된 보조 라벨입니다.
SAMPLE_001,visual_label,insufficient_knee_lift_direction,육안 자세 평가,무릎 상승 부족 - 방향,not_applicable,,visual,visual_label,manual_label,manual_label,manual_core,[],[],원장님 또는 고객이 영상을 보고 직접 입력한 육안 자세 평가,MotionMetrix 정답값과 분리된 보조 라벨입니다.
SAMPLE_001,visual_label,insufficient_knee_lift_memo,육안 자세 평가,무릎 상승 부족 - 메모,샘플 입력값,,visual,visual_label,manual_label,manual_label,optional,[],[],원장님 또는 고객이 영상을 보고 직접 입력한 육안 자세 평가,MotionMetrix 정답값과 분리된 보조 라벨입니다.
